arc112_scheme_probe	pass	1p/0f/0i	
comms	pass	32p/0f/0i	
function	pass	8p/0f/0i	
gate_no_nil_keyword_synthesis	pass	1p/0f/0i	
mvp_end_to_end	pass	10p/0f/0i	
probe_arc214_slice4_stone1_program_env_typealias	pass	6p/0f/0i	
probe_arc214_slice4_stone2_env_get_trio	pass	15p/0f/0i	
probe_arc214_slice4_stone3_env_dig_trio	pass	18p/0f/0i	
probe_arc215_collection_literal_inference	pass	12p/0f/0i	
probe_arc215_stone2	pass	13p/0f/0i	
probe_arc216_stone1_hashset_roundtrip	pass	10p/0f/0i	
probe_arc216_stone2_vector_roundtrip	pass	12p/0f/0i	
probe_arc216_stone3_hashmap_roundtrip	pass	14p/0f/0i	
probe_arc216_stone4_predicate_composition	pass	6p/0f/0i	
probe_arc216_stone5a_value_hash	pass	22p/0f/0i	
probe_arc216_stone5b_hashset_native_storage	fail	9p/1f/0i	
probe_arc216_stone5c_hashmap_native_storage	pass	12p/0f/0i	
probe_arc216_stone6_process_collection_roundtrip	pass	9p/0f/0i	
probe_arc216_stone7_tuple_roundtrip	pass	12p/0f/0i	
probe_arc226_stone1_type_predicates	fail	25p/2f/0i	
probe_arc227_stone2_defrecord	pass	35p/0f/0i	
probe_arc234_stone15_namespace_promotion	pass	5p/0f/0i	
probe_arc234_stone1_wat_record_variant	pass	7p/0f/0i	
probe_arc234_stone2a_record_primitives	pass	6p/0f/0i	
probe_arc234_stone2b_defrecord_macro	pass	6p/0f/0i	
probe_arc234_stone2c_accessor_class_safety	pass	5p/0f/0i	
probe_arc234_stone3a_record_read_verbs	pass	6p/0f/0i	
probe_arc234_stone3b_record_assoc	pass	6p/0f/0i	
probe_arc234_stone3c_fix_narrow_fallthrough	fail	0p/4f/0i	
probe_arc234_stone3c_keyword_accessor	fail	1p/5f/0i	
probe_arc234_stone4_hash_destructure	pass	6p/0f/0i	
probe_arc234_stone4_match_hash_destructure	pass	6p/0f/0i	
probe_arc234_stone5_holon_auto_dispatch	pass	6p/0f/0i	
probe_arc236_stone0_check_result	pass	6p/0f/0i	
probe_arc237_7a_length_intrinsic	pass	6p/0f/0i	
probe_arc237_7c_assoc_polymorphic	pass	6p/0f/0i	
probe_arc237_8a_no_implicit_coercion	pass	9p/0f/0i	
probe_arc237_8b_defclause_arithmetic	pass	19p/0f/0i	
probe_arc237_8c_equality_grid	pass	5p/0f/0i	
probe_arc237_8d_equality_intrinsic	pass	10p/0f/0i	
probe_arc237_s0_records_gate	pass	2p/0f/0i	
probe_arc237_sA1_assignable	pass	6p/0f/0i	
probe_arc237_sA_hierarchy	pass	10p/0f/0i	
probe_arc237_sB1_recordtype	pass	6p/0f/0i	
probe_arc237_sB2_defrecord_recordtype	pass	5p/0f/0i	
probe_arc237_sC2ab_field_order	fail	1p/4f/0i	
probe_arc237_sC2c_base_record	pass	6p/0f/0i	
probe_arc237_sC2d_same_data	pass	6p/0f/0i	
probe_arc237_sC3_macro_split	pass	18p/0f/0i	
probe_arc237_stone1_typeunion_substrate	fail	12p/2f/0i	
probe_arc237_stone2_defclause_substrate	fail	11p/1f/0i	
probe_arc237_stone3_guard_ensure	pass	14p/0f/0i	
probe_arc237_stone4_rich_errors	pass	10p/0f/0i	
probe_arc237_stone5_conforms	pass	12p/0f/0i	
probe_arc237_stone5fix_nominal	pass	12p/0f/0i	
probe_arc237_stone6_is_predicate	pass	10p/0f/0i	
probe_arc238_eq_completeness	pass	8p/0f/0i	
probe_arc241_stone10_remedy	fail	5p/3f/0i	
probe_arc241_stone11_define_hard_cut	fail	3p/2f/0i	
probe_arc241_stone12_defalias	fail	4p/1f/0i	
probe_arc241_stone13_define_dispatch_hard_cut	fail	1p/1f/0i	
probe_arc241_stone14_restricted_absorbed	fail	5p/1f/0i	
probe_arc241_stone15_zombie_purge	fail	3p/3f/0i	
probe_arc241_stone16_define_eval_residue	fail	3p/1f/0i	
probe_arc241_stone17_defmacro_canonical	pass	3p/0f/0i	
probe_arc241_stone1_argspec_canonical	pass	15p/0f/0i	
probe_arc241_stone2_fn_parser_migration	pass	10p/0f/0i	
probe_arc241_stone3_defclause_parser_migration	pass	6p/0f/0i	
probe_arc241_stone5_defclause_rest_dispatch	pass	8p/0f/0i	
probe_arc241_stone6_def_metadata_map	pass	6p/0f/0i	
probe_arc241_stone7_metadata_of_reflection	pass	5p/0f/0i	
probe_arc241_stone8_defstruct	pass	8p/0f/0i	
probe_arc241_stone9_defenum	pass	8p/0f/0i	
probe_arc242_stone1_lexeme_role	fail	3p/1f/0i	
probe_arc242_stone2_value_position_doctrine	pass	6p/0f/0i	
probe_arc243_stone3_1_checkenv_borrow	pass	3p/0f/0i	
probe_arc243_stone3_typeerror_pattern_a	pass	3p/0f/0i	
probe_arc243_stone5_register_subtype_span	pass	1p/0f/0i	
probe_arc243_stone6_checkerror_pattern_a	pass	6p/0f/0i	
probe_arc243_stone7b_signal_split	pass	4p/0f/0i	
probe_arc243_stone7c_runtimeerror_pattern_a	pass	4p/0f/0i	
probe_arc247_hof_fn_first	pass	5p/0f/0i	
probe_arc249_4_rehome_in_wat	pass	3p/0f/2i	
probe_arc249_macro_engine	pass	5p/0f/0i	
probe_arc249_threading	pass	6p/0f/0i	
probe_arc249_threading_in_wat	pass	5p/0f/1i	
probe_argspec_rest_param_hygiene	pass	1p/0f/0i	
probe_brace_map_literal	pass	9p/0f/0i	
probe_channel_primitive	pass	3p/0f/0i	
probe_check_scoped_param_resolution	pass	2p/0f/0i	
probe_diagnostic_bundle_result_compose	pass	2p/0f/0i	
probe_diagnostic_defprotocol_dispatch	pass	3p/0f/0i	
probe_diagnostic_dynamic_keyword_invocation	pass	8p/0f/0i	
probe_diagnostic_macro_splice_from_let	pass	2p/0f/0i	
probe_diagnostic_polymorphic_type	pass	8p/0f/0i	
probe_diagnostic_typed_entities_reflection	pass	7p/0f/0i	
probe_diagnostic_value_snapshot_in_errors	pass	8p/0f/0i	
probe_do_splice_def	pass	3p/0f/0i	
probe_do_splice_define	pass	2p/0f/0i	
probe_do_splice_enum	pass	2p/0f/0i	
probe_do_splice_struct	pass	2p/0f/0i	
probe_eval_signature_returns_tracked_value	pass	3p/0f/0i	
probe_hashmap_ctor_vector_symmetric	pass	9p/0f/0i	
probe_hash_scope_renumber	pass	2p/0f/0i	
probe_hygiene_scopes_reader_gate	pass	2p/0f/0i	
probe_let_splice_def	pass	3p/0f/0i	
probe_let_splice_define	pass	2p/0f/0i	
probe_let_splice_enum	pass	2p/0f/0i	
probe_let_splice_struct	pass	2p/0f/0i	
probe_macro_hygiene_capture	pass	2p/0f/0i	
probe_nil_return_value_position_bug	pass	4p/0f/0i	
probe_panic_hook_auto_installed	pass	1p/0f/0i	
probe_register_types_splice_aware	pass	7p/0f/0i	
probe_resolver_quote_awareness	pass	3p/0f/0i	
probe_stone_233_2_e_ast_derived_provenance	pass	5p/0f/0i	
probe_stone_233_2_j_producer_migration	pass	5p/0f/0i	
probe_stone_233_2_k_variant_retired	pass	5p/0f/0i	
probe_stone_233_2_l_wat_value_seal	pass	3p/0f/0i	
probe_stone_233_3_runtime_error_edn	pass	5p/0f/0i	
probe_substrate_symmetry_list_span_threading	pass	1p/0f/0i	
probe_tracked_value_mint_contract	pass	6p/0f/0i	
probe_verify_hashset_of_vector_gap	pass	1p/0f/0i	
test	pass	217p/0f/53i	
wat_arc098_form_matches_runtime	fail	0p/15f/0i	
wat_arc098_form_matches_typecheck	fail	2p/7f/0i	
wat_arc113_raise_round_trip	pass	1p/0f/0i	
wat_arc136_do_form	pass	10p/0f/0i	
wat_arc143_define_alias	pass	3p/0f/0i	
wat_arc144_hardcoded_primitives	fail	14p/3f/0i	
wat_arc144_lookup_form	pass	9p/0f/0i	
wat_arc144_special_forms	pass	9p/0f/0i	
wat_arc144_uniform_reflection	fail	8p/1f/0i	
wat_arc148_ord_buildout	fail	0p/46f/0i	
wat_arc150_variadic_define	fail	2p/14f/0i	
wat_arc153_nil_rename	fail	9p/1f/0i	
wat_arc154_kill_let_star	pass	10p/0f/0i	
wat_arc155_fn_rename	pass	12p/0f/0i	
wat_arc157_def	pass	19p/0f/0i	
wat_arc165_tuple_pascal	pass	4p/0f/0i	
wat_arc166_defn	pass	10p/0f/0i	
wat_arc167_fn_flat_signature	pass	7p/0f/0i	
wat_arc167_vector_ast	pass	5p/0f/0i	
wat_arc168_let_flat_shape	pass	13p/0f/0i	
wat_arc169_struct_destructure	pass	11p/0f/0i	
wat_arc170_closure_extraction	fail	20p/1f/0i	
wat_arc170_slice_1f_alpha_helpers	pass	7p/0f/3i	
wat_arc170_stone_c1_threadpeer	fail	2p/1f/0i	
wat_arc198_def_restricted	pass	5p/0f/0i	
wat_arc198_slice2_stone_1_inventory_wiring	pass	1p/0f/0i	
wat_arc198_slice2_stone_2_attribute	pass	3p/0f/0i	
wat_arc198_slice2_stone_3_apply	pass	2p/0f/0i	
wat_arc202_process_join_holds_stdin	pass	3p/0f/0i	
wat_arc203_struct_restricted	pass	6p/0f/0i	
wat_arc220_list	fail	18p/5f/0i	
wat_arc221_char_atomization	pass	3p/0f/0i	
wat_arc221_keyword_nil_tag_atomization	fail	5p/1f/0i	
wat_bundle_capacity	pass	7p/0f/0i	
wat_core_cond	fail	1p/9f/0i	
wat_core_try	pass	13p/0f/0i	
wat_dispatch_193a	pass	4p/0f/0i	
wat_dispatch_193b	pass	2p/0f/0i	
wat_dispatch_e1_vec	pass	4p/0f/0i	
wat_dispatch_e2_tuple	pass	3p/0f/0i	
wat_dispatch_e3_result	pass	4p/0f/0i	
wat_dispatch_e4_shared	pass	3p/0f/0i	
wat_dispatch_e5_owned_move	pass	2p/0f/0i	
wat_eval_result	pass	7p/0f/0i	
wat_harness	fail	2p/5f/0i	
wat_idempotent_redeclare	fail	5p/1f/0i	
wat_io	pass	17p/0f/0i	
wat_macro_vector_splice_symmetry	fail	1p/2f/0i	
wat_make_deftest	pass	1p/0f/0i	
wat_names_are_values	pass	5p/0f/0i	
wat_newtype_values	pass	5p/0f/0i	
wat_parametric_enum_typecheck	pass	3p/0f/0i	
wat_run_threads_d1	fail	0p/1f/0i	
wat_run_threads_d2	fail	0p/1f/0i	
wat_spawn_fn	pass	4p/0f/0i	
wat_stream	fail	21p/1f/0i	
wat_structs	pass	9p/0f/0i	
wat_tco	pass	11p/0f/0i	
wat_typealias	pass	9p/0f/0i	
wat_typed_if_match	pass	18p/0f/0i	
wat_u8	pass	9p/0f/0i	
wat_variadic_defmacro	pass	6p/0f/0i	
# ─── TOTALS ────────────────────────────────────────────────────────
# binaries_run=185  passed=152  failed=33  timed_out=0
# tests_passed=1460  tests_failed=147  tests_ignored=59
# ─── ERROR-CLASS HISTOGRAM ─────────────────────────────────────────
# NoMatchingClause=46
# UnresolvedReference=52
# MalformedForm=17
# TypeMismatch=4
# UnboundSymbol=1
# ─── EXCLUDED (leaky-signal heuristic) ─────────────────────────────
# excluded_count=67
# inventory_path=/home/watmin/work/holon/wat-rs/target/integration-inventory.tsv
